Name,Company,Email,1234,Age
Sheila Ayala,Morales Ltd,calderonadam@example.com,+3802873855583,42
Carrie Marsh,"Wood, Smith and Garcia",michellevega@example.net,+3806561050007,38
James Walker,Briggs-Murphy,bryan09@example.com,+3806321697830,12
Phillip Chaney,Morris-Garcia,tarapreston@example.com,+3808539694933,32
Jonathan Baird,"Livingston, Rhodes and Tate",lgraham@example.net,+3804504520226,40
Chad Mathis,"Nichols, Khan and Lee",nhammond@example.com,+3806694107740,23
Leonard Blanchard,Caldwell-Garcia,blairkatherine@example.org,+3803555148128,42
Richard Houston,"Lowery, Burnett and Barnes",ymcfarland@example.com,+3807538230891,32
Justin Scott,Ho-Barrett,jfarrell@example.org,+3804012816685,37
Robert Ewing,Cooper LLC,vbowen@example.org,+3803380152276,22
