Name,Age,Phone,Company
Dr. Thomas Sims,43,+3805022287134,Blevins LLC
Jared Castro,17,+3802288494011,Kennedy-Mendoza
Laurie Christensen,10,+3802774801514,Lopez-Wheeler
Alexandra Ramirez,36,+3801025253950,"Gentry, Washington and Ramirez"
James Jones,35,+3801305566557,"Hart, Tran and Clark"
Tiffany Hall,17,+3803837814271,Knight-Harvey
Kathy Johnson,45,+3800729452681,Wright Group
Joshua Wood,33,+3804402122172,"Campbell, Hill and Hunter"
Joshua Johnson,12,+3808156352763,Roberts and Sons
Timothy Larsen,14,+3800604224217,Robles-Bryant
